{
    "loss": 0.5337667465209961,
    "accuracy": 0.6474820375442505
}