{
    "loss": 0.6663471460342407,
    "accuracy": 0.5035971403121948
}